1,651,1020,Lovepik_com-401708795-green-peking-opera-facebook.png,2000,2000
2,733,998,Lovepik_com-401708795-green-peking-opera-facebook.png,2000,2000
3,819,1002,Lovepik_com-401708795-green-peking-opera-facebook.png,2000,2000
4,894,1034,Lovepik_com-401708795-green-peking-opera-facebook.png,2000,2000
5,869,1102,Lovepik_com-401708795-green-peking-opera-facebook.png,2000,2000
6,791,1106,Lovepik_com-401708795-green-peking-opera-facebook.png,2000,2000
7,719,1077,Lovepik_com-401708795-green-peking-opera-facebook.png,2000,2000
8,1417,1016,Lovepik_com-401708795-green-peking-opera-facebook.png,2000,2000
9,1345,1002,Lovepik_com-401708795-green-peking-opera-facebook.png,2000,2000
10,1252,1009,Lovepik_com-401708795-green-peking-opera-facebook.png,2000,2000
11,1181,1041,Lovepik_com-401708795-green-peking-opera-facebook.png,2000,2000
12,1206,1106,Lovepik_com-401708795-green-peking-opera-facebook.png,2000,2000
13,1277,1102,Lovepik_com-401708795-green-peking-opera-facebook.png,2000,2000
14,1363,1070,Lovepik_com-401708795-green-peking-opera-facebook.png,2000,2000
15,898,1517,Lovepik_com-401708795-green-peking-opera-facebook.png,2000,2000
16,984,1517,Lovepik_com-401708795-green-peking-opera-facebook.png,2000,2000
17,1077,1517,Lovepik_com-401708795-green-peking-opera-facebook.png,2000,2000
18,1174,1513,Lovepik_com-401708795-green-peking-opera-facebook.png,2000,2000
19,1131,1560,Lovepik_com-401708795-green-peking-opera-facebook.png,2000,2000
20,1045,1574,Lovepik_com-401708795-green-peking-opera-facebook.png,2000,2000
21,952,1567,Lovepik_com-401708795-green-peking-opera-facebook.png,2000,2000
22,962,1013,Lovepik_com-401708795-green-peking-opera-facebook.png,2000,2000
23,1027,1016,Lovepik_com-401708795-green-peking-opera-facebook.png,2000,2000
24,1106,1020,Lovepik_com-401708795-green-peking-opera-facebook.png,2000,2000
25,1113,1098,Lovepik_com-401708795-green-peking-opera-facebook.png,2000,2000
26,1138,1184,Lovepik_com-401708795-green-peking-opera-facebook.png,2000,2000
27,1188,1245,Lovepik_com-401708795-green-peking-opera-facebook.png,2000,2000
28,1227,1331,Lovepik_com-401708795-green-peking-opera-facebook.png,2000,2000
29,1191,1377,Lovepik_com-401708795-green-peking-opera-facebook.png,2000,2000
30,1113,1395,Lovepik_com-401708795-green-peking-opera-facebook.png,2000,2000
31,1052,1395,Lovepik_com-401708795-green-peking-opera-facebook.png,2000,2000
32,970,1395,Lovepik_com-401708795-green-peking-opera-facebook.png,2000,2000
33,894,1381,Lovepik_com-401708795-green-peking-opera-facebook.png,2000,2000
34,852,1320,Lovepik_com-401708795-green-peking-opera-facebook.png,2000,2000
35,877,1249,Lovepik_com-401708795-green-peking-opera-facebook.png,2000,2000
36,930,1177,Lovepik_com-401708795-green-peking-opera-facebook.png,2000,2000
37,952,1098,Lovepik_com-401708795-green-peking-opera-facebook.png,2000,2000
38,1041,211,Lovepik_com-401708795-green-peking-opera-facebook.png,2000,2000
39,1152,222,Lovepik_com-401708795-green-peking-opera-facebook.png,2000,2000
40,1256,243,Lovepik_com-401708795-green-peking-opera-facebook.png,2000,2000
41,1345,286,Lovepik_com-401708795-green-peking-opera-facebook.png,2000,2000
42,1442,347,Lovepik_com-401708795-green-peking-opera-facebook.png,2000,2000
43,1513,422,Lovepik_com-401708795-green-peking-opera-facebook.png,2000,2000
44,1571,497,Lovepik_com-401708795-green-peking-opera-facebook.png,2000,2000
45,1639,716,Lovepik_com-401708795-green-peking-opera-facebook.png,2000,2000
46,1635,955,Lovepik_com-401708795-green-peking-opera-facebook.png,2000,2000
47,1621,1195,Lovepik_com-401708795-green-peking-opera-facebook.png,2000,2000
48,1610,1331,Lovepik_com-401708795-green-peking-opera-facebook.png,2000,2000
49,1578,1445,Lovepik_com-401708795-green-peking-opera-facebook.png,2000,2000
50,1524,1546,Lovepik_com-401708795-green-peking-opera-facebook.png,2000,2000
51,1463,1635,Lovepik_com-401708795-green-peking-opera-facebook.png,2000,2000
52,1363,1707,Lovepik_com-401708795-green-peking-opera-facebook.png,2000,2000
53,1277,1764,Lovepik_com-401708795-green-peking-opera-facebook.png,2000,2000
54,1174,1796,Lovepik_com-401708795-green-peking-opera-facebook.png,2000,2000
55,1063,1814,Lovepik_com-401708795-green-peking-opera-facebook.png,2000,2000
56,973,1814,Lovepik_com-401708795-green-peking-opera-facebook.png,2000,2000
57,873,1792,Lovepik_com-401708795-green-peking-opera-facebook.png,2000,2000
58,776,1757,Lovepik_com-401708795-green-peking-opera-facebook.png,2000,2000
59,687,1699,Lovepik_com-401708795-green-peking-opera-facebook.png,2000,2000
60,612,1635,Lovepik_com-401708795-green-peking-opera-facebook.png,2000,2000
61,540,1546,Lovepik_com-401708795-green-peking-opera-facebook.png,2000,2000
62,494,1453,Lovepik_com-401708795-green-peking-opera-facebook.png,2000,2000
63,462,1331,Lovepik_com-401708795-green-peking-opera-facebook.png,2000,2000
64,447,1199,Lovepik_com-401708795-green-peking-opera-facebook.png,2000,2000
65,426,959,Lovepik_com-401708795-green-peking-opera-facebook.png,2000,2000
66,433,708,Lovepik_com-401708795-green-peking-opera-facebook.png,2000,2000
67,494,497,Lovepik_com-401708795-green-peking-opera-facebook.png,2000,2000
68,551,422,Lovepik_com-401708795-green-peking-opera-facebook.png,2000,2000
69,626,347,Lovepik_com-401708795-green-peking-opera-facebook.png,2000,2000
70,708,290,Lovepik_com-401708795-green-peking-opera-facebook.png,2000,2000
71,798,254,Lovepik_com-401708795-green-peking-opera-facebook.png,2000,2000
72,902,222,Lovepik_com-401708795-green-peking-opera-facebook.png,2000,2000
73,869,887,Lovepik_com-401708795-green-peking-opera-facebook.png,2000,2000
74,812,826,Lovepik_com-401708795-green-peking-opera-facebook.png,2000,2000
75,762,766,Lovepik_com-401708795-green-peking-opera-facebook.png,2000,2000
76,712,712,Lovepik_com-401708795-green-peking-opera-facebook.png,2000,2000
77,662,658,Lovepik_com-401708795-green-peking-opera-facebook.png,2000,2000
78,615,612,Lovepik_com-401708795-green-peking-opera-facebook.png,2000,2000
79,572,558,Lovepik_com-401708795-green-peking-opera-facebook.png,2000,2000
80,1206,884,Lovepik_com-401708795-green-peking-opera-facebook.png,2000,2000
81,1252,834,Lovepik_com-401708795-green-peking-opera-facebook.png,2000,2000
82,1299,787,Lovepik_com-401708795-green-peking-opera-facebook.png,2000,2000
83,1342,730,Lovepik_com-401708795-green-peking-opera-facebook.png,2000,2000
84,1385,680,Lovepik_com-401708795-green-peking-opera-facebook.png,2000,2000
85,1428,633,Lovepik_com-401708795-green-peking-opera-facebook.png,2000,2000
86,1470,587,Lovepik_com-401708795-green-peking-opera-facebook.png,2000,2000